,category,waterbody,species,IUCN,Area,counts,freqsum,wts,Rare,PIs
1,Small Lakes,Kabaka's Lake,Lates niloticus,LC,0.1,1,5,1,3,3
2,Small Lakes,Lake Agu,Astatoreochromis alluaudi,LC,4,1,22,1,1,1
3,Small Lakes,Lake Agu,Clarias gariepinus,LC,4,1,24,1,1,1
4,Small Lakes,Lake Agu,Coptodon zillii,LC,4,1,16,1,1,1
5,Small Lakes,Lake Agu,Enteromius trispilopleura,LC,4,1,3,1,4,4
6,Small Lakes,Lake Agu,Gnathonemus longibarbis,LC,4,1,6,1,2,2
7,Small Lakes,Lake Agu,Haplochromis argenteus,CE,4,1,11,5,1,5
8,Small Lakes,Lake Agu,Haplochromis cryptodon,DD,4,1,6,3,2,6
9,Small Lakes,Lake Agu,Haplochromis lividus,DD,4,1,12,3,1,3
10,Small Lakes,Lake Agu,Haplochromis martini,CE,4,1,4,5,3,15
11,Small Lakes,Lake Agu,Haplochromis obesus,CE,4,1,9,5,2,10
12,Small Lakes,Lake Agu,Haplochromis orthostoma,VU,4,1,9,3,2,6
13,Small Lakes,Lake Agu,Haplochromis parvidens,CE,4,1,10,5,2,10
14,Small Lakes,Lake Agu,Haplochromis pellegrini,DD,4,1,8,3,2,6
15,Small Lakes,Lake Agu,Haplochromis phytophagus,DD,4,1,9,3,2,6
16,Small Lakes,Lake Agu,Hippopotamyrus grahami,LC,4,1,5,1,3,3
17,Small Lakes,Lake Agu,Marcusenius victoriae,LC,4,1,12,1,1,1
18,Small Lakes,Lake Agu,Mormyrus macrocephalus,LC,4,1,6,1,2,2
19,Small Lakes,Lake Agu,Oreochromis leucostictus,LC,4,1,19,1,1,1
20,Small Lakes,Lake Agu,Oreochromis niloticus,LC,4,1,22,1,1,1
21,Small Lakes,Lake Agu,Oreochromis variabilis,CE,4,1,10,5,2,10
22,Small Lakes,Lake Agu,Petrocephalus catostoma,LC,4,1,9,1,2,2
23,Small Lakes,Lake Agu,Protopterus aethiopicus,LC,4,1,20,1,1,1
24,Small Lakes,Lake Agu,Synodontis afrofischeri,LC,4,1,12,1,1,1
25,Small Lakes,Lake Agu,Synodontis victoriae,LC,4,1,9,1,2,2
26,Small Lakes,Lake Agu,NA,,4,1,25,NA,1,NA
27,Small Lakes,Lake Bisina,Astatoreochromis alluaudi,LC,349.31,1,22,1,1,1
28,Small Lakes,Lake Bisina,Astatotilapia desfontainii,EN,349.31,1,1,4,5,20
29,Small Lakes,Lake Bisina,Bagrus docmak,LC,349.31,1,3,1,4,4
30,Small Lakes,Lake Bisina,Brycinus sadleri,LC,349.31,1,10,1,2,2
31,Small Lakes,Lake Bisina,Clarias alluaudi,LC,349.31,1,7,1,2,2
32,Small Lakes,Lake Bisina,Clarias gariepinus,LC,349.31,1,24,1,1,1
33,Small Lakes,Lake Bisina,Coptodon zillii,LC,349.31,1,16,1,1,1
34,Small Lakes,Lake Bisina,Ctenopoma muriei,LC,349.31,1,7,1,2,2
35,Small Lakes,Lake Bisina,Enteromius apleurogramma,LC,349.31,1,4,1,3,3
36,Small Lakes,Lake Bisina,Enteromius cercops,LC,349.31,1,2,1,4,4
37,Small Lakes,Lake Bisina,Enteromius kerstenii,LC,349.31,1,13,1,1,1
38,Small Lakes,Lake Bisina,Enteromius paludinosus,LC,349.31,1,3,1,4,4
39,Small Lakes,Lake Bisina,Enteromius trispilopleura,LC,349.31,1,3,1,4,4
40,Small Lakes,Lake Bisina,Gnathonemus longibarbis,LC,349.31,1,6,1,2,2
41,Small Lakes,Lake Bisina,Haplochromis argenteus,CE,349.31,1,11,5,1,5
42,Small Lakes,Lake Bisina,Haplochromis cryptodon,DD,349.31,1,6,3,2,6
43,Small Lakes,Lake Bisina,Haplochromis latifasciatus,CE,349.31,1,8,5,2,10
44,Small Lakes,Lake Bisina,Haplochromis lividus,DD,349.31,1,12,3,1,3
45,Small Lakes,Lake Bisina,Haplochromis martini,CE,349.31,1,4,5,3,15
46,Small Lakes,Lake Bisina,Haplochromis maxillaris,VU,349.31,1,6,3,2,6
47,Small Lakes,Lake Bisina,Haplochromis michaeli,CE,349.31,1,2,5,4,20
48,Small Lakes,Lake Bisina,Haplochromis nubilus,VU,349.31,1,20,3,1,3
49,Small Lakes,Lake Bisina,Haplochromis obesus,CE,349.31,1,9,5,2,10
50,Small Lakes,Lake Bisina,Haplochromis orthostoma,VU,349.31,1,9,3,2,6
51,Small Lakes,Lake Bisina,Haplochromis parvidens,CE,349.31,1,10,5,2,10
52,Small Lakes,Lake Bisina,Haplochromis pellegrini,DD,349.31,1,8,3,2,6
53,Small Lakes,Lake Bisina,Haplochromis phytophagus,DD,349.31,1,9,3,2,6
54,Small Lakes,Lake Bisina,Haplochromis serranus,DD,349.31,1,2,3,4,12
55,Small Lakes,Lake Bisina,Haplochromis squamulatus,DD,349.31,1,2,3,4,12
56,Small Lakes,Lake Bisina,Haplochromis victoriae,DD,349.31,1,4,3,3,9
57,Small Lakes,Lake Bisina,Hippopotamyrus grahami,LC,349.31,1,5,1,3,3
58,Small Lakes,Lake Bisina,Marcusenius victoriae,LC,349.31,1,12,1,1,1
59,Small Lakes,Lake Bisina,Mastacembelus frenatus,LC,349.31,1,3,1,4,4
60,Small Lakes,Lake Bisina,Mormyrus macrocephalus,LC,349.31,1,6,1,2,2
61,Small Lakes,Lake Bisina,Oreochromis esculentus,CE,349.31,1,15,5,1,5
62,Small Lakes,Lake Bisina,Oreochromis leucostictus,LC,349.31,1,19,1,1,1
63,Small Lakes,Lake Bisina,Oreochromis niloticus,LC,349.31,1,22,1,1,1
64,Small Lakes,Lake Bisina,Oreochromis variabilis,CE,349.31,1,10,5,2,10
65,Small Lakes,Lake Bisina,Petrocephalus catostoma,LC,349.31,1,9,1,2,2
66,Small Lakes,Lake Bisina,Poecilia reticulata,NE,349.31,1,2,3,4,12
67,Small Lakes,Lake Bisina,Prognathochromis sp,NE,349.31,1,6,3,2,6
68,Small Lakes,Lake Bisina,Protopterus aethiopicus,LC,349.31,1,20,1,1,1
69,Small Lakes,Lake Bisina,Pseudocrenilabrus multicolor,LC,349.31,1,12,1,1,1
70,Small Lakes,Lake Bisina,Schilbe intermedius,LC,349.31,1,4,1,3,3
71,Small Lakes,Lake Bisina,Synodontis afrofischeri,LC,349.31,1,12,1,1,1
72,Small Lakes,Lake Bisina,Synodontis victoriae,LC,349.31,1,9,1,2,2
73,Small Lakes,Lake Bisina,NA,,349.31,1,25,NA,1,NA
74,Small Lakes,Lake Bunyonyi,Enteromius kerstenii,LC,57,1,13,1,1,1
75,Small Lakes,Lake Bunyonyi,Enteromius neumayeri,LC,57,1,6,1,2,2
76,Small Lakes,Lake Bunyonyi,Oreochromis niloticus,LC,57,1,22,1,1,1
77,Small Lakes,Lake Bunyonyi,Oreochromis spilurus,NE,57,1,1,3,5,15
78,Small Lakes,Lake Dalaja,Astatoreochromis alluaudi,LC,1.7,1,22,1,1,1
79,Small Lakes,Lake Dalaja,Haplochromis victoriae,DD,1.7,1,4,3,3,9
80,Small Lakes,Lake Dalaja,Paralabidochromis sp,NE,1.7,1,8,3,2,6
81,Small Lakes,Lake Dalaja,NA,,1.7,1,25,NA,1,NA
82,Small Lakes,Lake Gawa,Haplochromis phytophagus,DD,1.42,1,9,3,2,6
83,Small Lakes,Lake Gawa,Oreochromis variabilis,CE,1.42,1,10,5,2,10
84,Small Lakes,Lake Gawa,Pollimyrus nigricans,LC,1.42,1,5,1,3,3
85,Small Lakes,Lake Gigate,Astatoreochromis alluaudi,LC,1.7,1,22,1,1,1
86,Small Lakes,Lake Gigate,Brycinus sadleri,LC,1.7,1,10,1,2,2
87,Small Lakes,Lake Gigate,Coptodon zillii,LC,1.7,1,16,1,1,1
88,Small Lakes,Lake Gigate,Haplochromis argenteus,CE,1.7,1,11,5,1,5
89,Small Lakes,Lake Gigate,Haplochromis latifasciatus,CE,1.7,1,8,5,2,10
90,Small Lakes,Lake Gigate,Haplochromis lividus,DD,1.7,1,12,3,1,3
91,Small Lakes,Lake Gigate,Haplochromis maxillaris,VU,1.7,1,6,3,2,6
92,Small Lakes,Lake Gigate,Haplochromis nubilus,VU,1.7,1,20,3,1,3
93,Small Lakes,Lake Gigate,Haplochromis obesus,CE,1.7,1,9,5,2,10
94,Small Lakes,Lake Gigate,Haplochromis orthostoma,VU,1.7,1,9,3,2,6
95,Small Lakes,Lake Gigate,Haplochromis parvidens,CE,1.7,1,10,5,2,10
96,Small Lakes,Lake Gigate,Haplochromis pellegrini,DD,1.7,1,8,3,2,6
97,Small Lakes,Lake Gigate,Haplochromis phytophagus,DD,1.7,1,9,3,2,6
98,Small Lakes,Lake Gigate,Haplochromis squamipinnis,LC,1.7,1,3,1,4,4
99,Small Lakes,Lake Gigate,Oreochromis leucostictus,LC,1.7,1,19,1,1,1
100,Small Lakes,Lake Gigate,Oreochromis niloticus,LC,1.7,1,22,1,1,1
101,Small Lakes,Lake Gigate,Oreochromis variabilis,CE,1.7,1,10,5,2,10
102,Small Lakes,Lake Gigate,Paralabidochromis sp,NE,1.7,1,8,3,2,6
103,Small Lakes,Lake Gigate,Prognathochromis sp,NE,1.7,1,6,3,2,6
104,Small Lakes,Lake Gigate,Protopterus aethiopicus,LC,1.7,1,20,1,1,1
105,Small Lakes,Lake Gigate,Pseudocrenilabrus multicolor,LC,1.7,1,12,1,1,1
106,Small Lakes,Lake Gigate,Synodontis afrofischeri,LC,1.7,1,12,1,1,1
107,Small Lakes,Lake Gigate,NA,,1.7,1,25,NA,1,NA
108,Small Lakes,Lake Kabaleka,Astatoreochromis alluaudi,LC,1.14,1,22,1,1,1
109,Small Lakes,Lake Kabaleka,Ctenopoma muriei,LC,1.14,1,7,1,2,2
110,Small Lakes,Lake Kabaleka,Enteromius kerstenii,LC,1.14,1,13,1,1,1
111,Small Lakes,Lake Kabaleka,Haplochromis aeneocolor,VU,1.14,1,3,3,4,12
112,Small Lakes,Lake Kabaleka,Pollimyrus nigricans,LC,1.14,1,5,1,3,3
113,Small Lakes,Lake Kabaleka,NA,,1.14,1,25,NA,1,NA
114,Small Lakes,Lake Kachiira,Astatoreochromis alluaudi,LC,36.3,1,22,1,1,1
115,Small Lakes,Lake Kachiira,Clarias gariepinus,LC,36.3,1,24,1,1,1
116,Small Lakes,Lake Kachiira,Clarias werneri,LC,36.3,1,4,1,3,3
117,Small Lakes,Lake Kachiira,Coptodon zillii,LC,36.3,1,16,1,1,1
118,Small Lakes,Lake Kachiira,Haplochromis ampullarostratus,VU,36.3,1,1,3,5,15
119,Small Lakes,Lake Kachiira,Haplochromis commutabilis,VU,36.3,1,1,3,5,15
120,Small Lakes,Lake Kachiira,Haplochromis squamipinnis,LC,36.3,1,3,1,4,4
121,Small Lakes,Lake Kachiira,Lacustricola pumilus,LC,36.3,1,5,1,3,3
122,Small Lakes,Lake Kachiira,Oreochromis esculentus,CE,36.3,1,15,5,1,5
123,Small Lakes,Lake Kachiira,Oreochromis leucostictus,LC,36.3,1,19,1,1,1
124,Small Lakes,Lake Kachiira,Oreochromis niloticus,LC,36.3,1,22,1,1,1
125,Small Lakes,Lake Kachiira,Paralabidochromis sp,NE,36.3,1,8,3,2,6
126,Small Lakes,Lake Kachiira,Protopterus aethiopicus,LC,36.3,1,20,1,1,1
127,Small Lakes,Lake Kachiira,Pseudocrenilabrus multicolor,LC,36.3,1,12,1,1,1
128,Small Lakes,Lake Kachiira,NA,,36.3,1,25,NA,1,NA
129,Small Lakes,Lake Kawi,Astatoreochromis alluaudi,LC,5,1,22,1,1,1
130,Small Lakes,Lake Kawi,Clarias gariepinus,LC,5,1,24,1,1,1
131,Small Lakes,Lake Kawi,Ctenopoma muriei,LC,5,1,7,1,2,2
132,Small Lakes,Lake Kawi,Enteromius kerstenii,LC,5,1,13,1,1,1
133,Small Lakes,Lake Kawi,Enteromius neumayeri,LC,5,1,6,1,2,2
134,Small Lakes,Lake Kawi,Enteromius nyanzae,LC,5,1,2,1,4,4
135,Small Lakes,Lake Kawi,Enteromius paludinosus,LC,5,1,3,1,4,4
136,Small Lakes,Lake Kawi,Enteromius radiatus,LC,5,1,3,1,4,4
137,Small Lakes,Lake Kawi,Haplochromis argenteus,CE,5,1,11,5,1,5
138,Small Lakes,Lake Kawi,Haplochromis cryptodon,DD,5,1,6,3,2,6
139,Small Lakes,Lake Kawi,Haplochromis lividus,DD,5,1,12,3,1,3
140,Small Lakes,Lake Kawi,Haplochromis maxillaris,VU,5,1,6,3,2,6
141,Small Lakes,Lake Kawi,Haplochromis nubilus,VU,5,1,20,3,1,3
142,Small Lakes,Lake Kawi,Haplochromis obesus,CE,5,1,9,5,2,10
143,Small Lakes,Lake Kawi,Haplochromis orthostoma,VU,5,1,9,3,2,6
144,Small Lakes,Lake Kawi,Haplochromis parvidens,CE,5,1,10,5,2,10
145,Small Lakes,Lake Kawi,Haplochromis pellegrini,DD,5,1,8,3,2,6
146,Small Lakes,Lake Kawi,Haplochromis riponianus,LC,5,1,1,1,5,5
147,Small Lakes,Lake Kawi,Oreochromis esculentus,CE,5,1,15,5,1,5
148,Small Lakes,Lake Kawi,Oreochromis leucostictus,LC,5,1,19,1,1,1
149,Small Lakes,Lake Kawi,Oreochromis niloticus,LC,5,1,22,1,1,1
150,Small Lakes,Lake Kawi,Paralabidochromis sp,NE,5,1,8,3,2,6
151,Small Lakes,Lake Kawi,Protopterus aethiopicus,LC,5,1,20,1,1,1
152,Small Lakes,Lake Kawi,Pseudocrenilabrus multicolor,LC,5,1,12,1,1,1
153,Small Lakes,Lake Kawi,Synodontis afrofischeri,LC,5,1,12,1,1,1
154,Small Lakes,Lake Kawi,NA,,5,1,25,NA,1,NA
155,Small Lakes,Lake Kayanja,Astatoreochromis alluaudi,LC,1.2,1,22,1,1,1
156,Small Lakes,Lake Kayanja,Clarias alluaudi,LC,1.2,1,7,1,2,2
157,Small Lakes,Lake Kayanja,Clarias gariepinus,LC,1.2,1,24,1,1,1
158,Small Lakes,Lake Kayanja,Coptodon zillii,LC,1.2,1,16,1,1,1
159,Small Lakes,Lake Kayanja,Enteromius kerstenii,LC,1.2,1,13,1,1,1
160,Small Lakes,Lake Kayanja,Haplochromis aeneocolor,VU,1.2,1,3,3,4,12
161,Small Lakes,Lake Kayanja,Haplochromis nubilus,VU,1.2,1,20,3,1,3
162,Small Lakes,Lake Kayanja,Haplochromis simpsoni,EN,1.2,1,2,4,4,16
163,Small Lakes,Lake Kayanja,Haplochromis velifer,VU,1.2,1,3,3,4,12
164,Small Lakes,Lake Kayanja,Haplochromis venator,EN,1.2,1,4,4,3,12
165,Small Lakes,Lake Kayanja,Lacustricola pumilus,LC,1.2,1,5,1,3,3
166,Small Lakes,Lake Kayanja,Marcusenius victoriae,LC,1.2,1,12,1,1,1
167,Small Lakes,Lake Kayanja,Oreochromis esculentus,CE,1.2,1,15,5,1,5
168,Small Lakes,Lake Kayanja,Oreochromis niloticus,LC,1.2,1,22,1,1,1
169,Small Lakes,Lake Kayanja,Petrocephalus catostoma,LC,1.2,1,9,1,2,2
170,Small Lakes,Lake Kayanja,Protopterus aethiopicus,LC,1.2,1,20,1,1,1
171,Small Lakes,Lake Kayanja,Pseudocrenilabrus multicolor,LC,1.2,1,12,1,1,1
172,Small Lakes,Lake Kayanja,NA,,1.2,1,25,NA,1,NA
173,Small Lakes,Lake Kayugi,Astatoreochromis alluaudi,LC,0.25,1,22,1,1,1
174,Small Lakes,Lake Kayugi,Brycinus jacksonii,LC,0.25,1,2,1,4,4
175,Small Lakes,Lake Kayugi,Brycinus sadleri,LC,0.25,1,10,1,2,2
176,Small Lakes,Lake Kayugi,Coptodon zillii,LC,0.25,1,16,1,1,1
177,Small Lakes,Lake Kayugi,Enteromius kerstenii,LC,0.25,1,13,1,1,1
178,Small Lakes,Lake Kayugi,Haplochromis nubilus,VU,0.25,1,20,3,1,3
179,Small Lakes,Lake Kayugi,Haplochromis velifer,VU,0.25,1,3,3,4,12
180,Small Lakes,Lake Kayugi,Haplochromis venator,EN,0.25,1,4,4,3,12
181,Small Lakes,Lake Kayugi,Marcusenius victoriae,LC,0.25,1,12,1,1,1
182,Small Lakes,Lake Kayugi,Oreochromis esculentus,CE,0.25,1,15,5,1,5
183,Small Lakes,Lake Kayugi,Petrocephalus catostoma,LC,0.25,1,9,1,2,2
184,Small Lakes,Lake Kayugi,Protopterus aethiopicus,LC,0.25,1,20,1,1,1
185,Small Lakes,Lake Kayugi,NA,,0.25,1,25,NA,1,NA
186,Small Lakes,Lake Kijanebolola,Clarias gariepinus,LC,42,1,24,1,1,1
187,Small Lakes,Lake Kijanebolola,Clarias werneri,LC,42,1,4,1,3,3
188,Small Lakes,Lake Kijanebolola,Coptodon zillii,LC,42,1,16,1,1,1
189,Small Lakes,Lake Kijanebolola,Haplochromis exspectatus,VU,42,1,1,3,5,15
190,Small Lakes,Lake Kijanebolola,Haplochromis nubilus,VU,42,1,20,3,1,3
191,Small Lakes,Lake Kijanebolola,Lacustricola pumilus,LC,42,1,5,1,3,3
192,Small Lakes,Lake Kijanebolola,Oreochromis esculentus,CE,42,1,15,5,1,5
193,Small Lakes,Lake Kijanebolola,Oreochromis leucostictus,LC,42,1,19,1,1,1
194,Small Lakes,Lake Kijanebolola,Paralabidochromis sp,NE,42,1,8,3,2,6
195,Small Lakes,Lake Kijanebolola,Pseudocrenilabrus multicolor,LC,42,1,12,1,1,1
196,Small Lakes,Lake Kijanebolola,NA,,42,1,25,NA,1,NA
197,Small Lakes,Lake Kimira,Clarias alluaudi,LC,2.21,1,7,1,2,2
198,Small Lakes,Lake Kimira,Clarias gariepinus,LC,2.21,1,24,1,1,1
199,Small Lakes,Lake Kimira,Enteromius kerstenii,LC,2.21,1,13,1,1,1
200,Small Lakes,Lake Kimira,Haplochromis phytophagus,DD,2.21,1,9,3,2,6
201,Small Lakes,Lake Kimira,Oreochromis esculentus,CE,2.21,1,15,5,1,5
202,Small Lakes,Lake Kimira,Oreochromis leucostictus,LC,2.21,1,19,1,1,1
203,Small Lakes,Lake Kimira,Oreochromis niloticus,LC,2.21,1,22,1,1,1
204,Small Lakes,Lake Kimira,Protopterus aethiopicus,LC,2.21,1,20,1,1,1
205,Small Lakes,Lake Kwania,Bagrus docmak,LC,508,1,3,1,4,4
206,Small Lakes,Lake Kwania,Brycinus sadleri,LC,508,1,10,1,2,2
207,Small Lakes,Lake Kwania,Clarias gariepinus,LC,508,1,24,1,1,1
208,Small Lakes,Lake Kwania,Coptodon zillii,LC,508,1,16,1,1,1
209,Small Lakes,Lake Kwania,Enteromius kerstenii,LC,508,1,13,1,1,1
210,Small Lakes,Lake Kwania,Gnathonemus longibarbis,LC,508,1,6,1,2,2
211,Small Lakes,Lake Kwania,Haplochromis argenteus,CE,508,1,11,5,1,5
212,Small Lakes,Lake Kwania,Haplochromis chromogynos,VU,508,1,1,3,5,15
213,Small Lakes,Lake Kwania,Haplochromis cinereus,DD,508,1,1,3,5,15
214,Small Lakes,Lake Kwania,Haplochromis guiarti,CE,508,1,1,5,5,25
215,Small Lakes,Lake Kwania,Haplochromis lividus,DD,508,1,12,3,1,3
216,Small Lakes,Lake Kwania,Haplochromis mbipi,LC,508,1,1,1,5,5
217,Small Lakes,Lake Kwania,Haplochromis nubilus,VU,508,1,20,3,1,3
218,Small Lakes,Lake Kwania,Haplochromis obesus,CE,508,1,9,5,2,10
219,Small Lakes,Lake Kwania,Haplochromis orthostoma,VU,508,1,9,3,2,6
220,Small Lakes,Lake Kwania,Haplochromis parvidens,CE,508,1,10,5,2,10
221,Small Lakes,Lake Kwania,Haplochromis pellegrini,DD,508,1,8,3,2,6
222,Small Lakes,Lake Kwania,Haplochromis sauvagei,VU,508,1,1,3,5,15
223,Small Lakes,Lake Kwania,Hippopotamyrus grahami,LC,508,1,5,1,3,3
224,Small Lakes,Lake Kwania,Labeo victorianus,CE,508,1,1,5,5,25
225,Small Lakes,Lake Kwania,Lates niloticus,LC,508,1,5,1,3,3
226,Small Lakes,Lake Kwania,Marcusenius victoriae,LC,508,1,12,1,1,1
227,Small Lakes,Lake Kwania,Mormyrus kannume,LC,508,1,3,1,4,4
228,Small Lakes,Lake Kwania,Nothobranchius ugandensis,LC,508,1,1,1,5,5
229,Small Lakes,Lake Kwania,Oreochromis leucostictus,LC,508,1,19,1,1,1
230,Small Lakes,Lake Kwania,Oreochromis niloticus,LC,508,1,22,1,1,1
231,Small Lakes,Lake Kwania,Petrocephalus catostoma,LC,508,1,9,1,2,2
232,Small Lakes,Lake Kwania,Protopterus aethiopicus,LC,508,1,20,1,1,1
233,Small Lakes,Lake Kwania,Schilbe intermedius,LC,508,1,4,1,3,3
234,Small Lakes,Lake Kwania,Synodontis afrofischeri,LC,508,1,12,1,1,1
235,Small Lakes,Lake Kwania,Synodontis victoriae,LC,508,1,9,1,2,2
236,Small Lakes,Lake Kwania,NA,,508,1,25,NA,1,NA
237,Small Lakes,Lake Lemwa,Astatoreochromis alluaudi,LC,10,1,22,1,1,1
238,Small Lakes,Lake Lemwa,Clarias gariepinus,LC,10,1,24,1,1,1
239,Small Lakes,Lake Lemwa,Haplochromis argenteus,CE,10,1,11,5,1,5
240,Small Lakes,Lake Lemwa,Haplochromis lividus,DD,10,1,12,3,1,3
241,Small Lakes,Lake Lemwa,Haplochromis nubilus,VU,10,1,20,3,1,3
242,Small Lakes,Lake Lemwa,Haplochromis orthostoma,VU,10,1,9,3,2,6
243,Small Lakes,Lake Lemwa,Haplochromis phytophagus,DD,10,1,9,3,2,6
244,Small Lakes,Lake Lemwa,Oreochromis esculentus,CE,10,1,15,5,1,5
245,Small Lakes,Lake Lemwa,Oreochromis leucostictus,LC,10,1,19,1,1,1
246,Small Lakes,Lake Lemwa,Oreochromis niloticus,LC,10,1,22,1,1,1
247,Small Lakes,Lake Lemwa,Oreochromis variabilis,CE,10,1,10,5,2,10
248,Small Lakes,Lake Lemwa,Prognathochromis sp,NE,10,1,6,3,2,6
249,Small Lakes,Lake Lemwa,Protopterus aethiopicus,LC,10,1,20,1,1,1
250,Small Lakes,Lake Lemwa,Synodontis afrofischeri,LC,10,1,12,1,1,1
251,Small Lakes,Lake Lemwa,Synodontis victoriae,LC,10,1,9,1,2,2
252,Small Lakes,Lake Lemwa,NA,,10,1,25,NA,1,NA
253,Small Lakes,Lake Manywa,Astatoreochromis alluaudi,LC,0.25,1,22,1,1,1
254,Small Lakes,Lake Manywa,Haplochromis nubilus,VU,0.25,1,20,3,1,3
255,Small Lakes,Lake Manywa,Haplochromis venator,EN,0.25,1,4,4,3,12
256,Small Lakes,Lake Manywa,Marcusenius victoriae,LC,0.25,1,12,1,1,1
257,Small Lakes,Lake Manywa,Oreochromis esculentus,CE,0.25,1,15,5,1,5
258,Small Lakes,Lake Manywa,Petrocephalus catostoma,LC,0.25,1,9,1,2,2
259,Small Lakes,Lake Manywa,Protopterus aethiopicus,LC,0.25,1,20,1,1,1
260,Small Lakes,Lake Manywa,Pseudocrenilabrus multicolor,LC,0.25,1,12,1,1,1
261,Small Lakes,Lake Manywa,NA,,0.25,1,25,NA,1,NA
262,Small Lakes,Lake Mburo,Astatoreochromis alluaudi,LC,10.4,1,22,1,1,1
263,Small Lakes,Lake Mburo,Clarias gariepinus,LC,10.4,1,24,1,1,1
264,Small Lakes,Lake Mburo,Ctenopoma muriei,LC,10.4,1,7,1,2,2
265,Small Lakes,Lake Mburo,Enteromius apleurogramma,LC,10.4,1,4,1,3,3
266,Small Lakes,Lake Mburo,Haplochromis aeneocolor,VU,10.4,1,3,3,4,12
267,Small Lakes,Lake Mburo,Haplochromis nubilus,VU,10.4,1,20,3,1,3
268,Small Lakes,Lake Mburo,Haplochromis obliquidens,VU,10.4,1,1,3,5,15
269,Small Lakes,Lake Mburo,Haplochromis squamipinnis,LC,10.4,1,3,1,4,4
270,Small Lakes,Lake Mburo,Oreochromis esculentus,CE,10.4,1,15,5,1,5
271,Small Lakes,Lake Mburo,Oreochromis leucostictus,LC,10.4,1,19,1,1,1
272,Small Lakes,Lake Mburo,Oreochromis niloticus,LC,10.4,1,22,1,1,1
273,Small Lakes,Lake Mburo,Paralabidochromis sp,NE,10.4,1,8,3,2,6
274,Small Lakes,Lake Mburo,Prognathochromis sp,NE,10.4,1,6,3,2,6
275,Small Lakes,Lake Mburo,Protopterus aethiopicus,LC,10.4,1,20,1,1,1
276,Small Lakes,Lake Mburo,NA,,10.4,1,25,NA,1,NA
277,Small Lakes,Lake Meito,Astatoreochromis alluaudi,LC,14.64,1,22,1,1,1
278,Small Lakes,Lake Meito,Brycinus sadleri,LC,14.64,1,10,1,2,2
279,Small Lakes,Lake Meito,Haplochromis latifasciatus,CE,14.64,1,8,5,2,10
280,Small Lakes,Lake Meito,Haplochromis nubilus,VU,14.64,1,20,3,1,3
281,Small Lakes,Lake Meito,Paralabidochromis sp,NE,14.64,1,8,3,2,6
282,Small Lakes,Lake Meito,NA,,14.64,1,25,NA,1,NA
283,Small Lakes,Lake Nabisojo,Clarias gariepinus,LC,6,1,24,1,1,1
284,Small Lakes,Lake Nabisojo,Enteromius kerstenii,LC,6,1,13,1,1,1
285,Small Lakes,Lake Nabisojo,Haplochromis nubilus,VU,6,1,20,3,1,3
286,Small Lakes,Lake Nabisojo,Marcusenius victoriae,LC,6,1,12,1,1,1
287,Small Lakes,Lake Nabisojo,Oreochromis esculentus,CE,6,1,15,5,1,5
288,Small Lakes,Lake Nabisojo,Oreochromis leucostictus,LC,6,1,19,1,1,1
289,Small Lakes,Lake Nabisojo,Protopterus aethiopicus,LC,6,1,20,1,1,1
290,Small Lakes,Lake Nabisojo,NA,,6,1,25,NA,1,NA
291,Small Lakes,Lake Nabugabo,Astatoreochromis alluaudi,LC,24,1,22,1,1,1
292,Small Lakes,Lake Nabugabo,Bagrus docmak,LC,24,1,3,1,4,4
293,Small Lakes,Lake Nabugabo,Brycinus jacksonii,LC,24,1,2,1,4,4
294,Small Lakes,Lake Nabugabo,Brycinus sadleri,LC,24,1,10,1,2,2
295,Small Lakes,Lake Nabugabo,Clarias alluaudi,LC,24,1,7,1,2,2
296,Small Lakes,Lake Nabugabo,Clarias gariepinus,LC,24,1,24,1,1,1
297,Small Lakes,Lake Nabugabo,Clarias werneri,LC,24,1,4,1,3,3
298,Small Lakes,Lake Nabugabo,Coptodon rendalli,LC,24,1,1,1,5,5
299,Small Lakes,Lake Nabugabo,Coptodon zillii,LC,24,1,16,1,1,1
300,Small Lakes,Lake Nabugabo,Ctenopoma muriei,LC,24,1,7,1,2,2
301,Small Lakes,Lake Nabugabo,Enteromius apleurogramma,LC,24,1,4,1,3,3
302,Small Lakes,Lake Nabugabo,Enteromius kerstenii,LC,24,1,13,1,1,1
303,Small Lakes,Lake Nabugabo,Enteromius magdalenae,LC,24,1,2,1,4,4
304,Small Lakes,Lake Nabugabo,Enteromius neumayeri,LC,24,1,6,1,2,2
305,Small Lakes,Lake Nabugabo,Enteromius nyanzae,LC,24,1,2,1,4,4
306,Small Lakes,Lake Nabugabo,Enteromius radiatus,LC,24,1,3,1,4,4
307,Small Lakes,Lake Nabugabo,Enteromius yongei,LC,24,1,2,1,4,4
308,Small Lakes,Lake Nabugabo,Gnathonemus longibarbis,LC,24,1,6,1,2,2
309,Small Lakes,Lake Nabugabo,Haplochromis annectidens,CE,24,1,1,5,5,25
310,Small Lakes,Lake Nabugabo,Haplochromis beadlei,CE,24,1,1,5,5,25
311,Small Lakes,Lake Nabugabo,Haplochromis nubilus,VU,24,1,20,3,1,3
312,Small Lakes,Lake Nabugabo,Haplochromis pellegrini,DD,24,1,8,3,2,6
313,Small Lakes,Lake Nabugabo,Haplochromis serranus,DD,24,1,2,3,4,12
314,Small Lakes,Lake Nabugabo,Haplochromis simpsoni,EN,24,1,2,4,4,16
315,Small Lakes,Lake Nabugabo,Haplochromis velifer,VU,24,1,3,3,4,12
316,Small Lakes,Lake Nabugabo,Haplochromis venator,EN,24,1,4,4,3,12
317,Small Lakes,Lake Nabugabo,Lacustricola bukobanus,LC,24,1,1,1,5,5
318,Small Lakes,Lake Nabugabo,Lacustricola pumilus,LC,24,1,5,1,3,3
319,Small Lakes,Lake Nabugabo,Lates niloticus,LC,24,1,5,1,3,3
320,Small Lakes,Lake Nabugabo,Marcusenius victoriae,LC,24,1,12,1,1,1
321,Small Lakes,Lake Nabugabo,Mastacembelus frenatus,LC,24,1,3,1,4,4
322,Small Lakes,Lake Nabugabo,Oreochromis esculentus,CE,24,1,15,5,1,5
323,Small Lakes,Lake Nabugabo,Oreochromis leucostictus,LC,24,1,19,1,1,1
324,Small Lakes,Lake Nabugabo,Oreochromis niloticus,LC,24,1,22,1,1,1
325,Small Lakes,Lake Nabugabo,Petrocephalus catostoma,LC,24,1,9,1,2,2
326,Small Lakes,Lake Nabugabo,Petrocephalus degeni,DD,24,1,1,3,5,15
327,Small Lakes,Lake Nabugabo,Pollimyrus nigricans,LC,24,1,5,1,3,3
328,Small Lakes,Lake Nabugabo,Protopterus aethiopicus,LC,24,1,20,1,1,1
329,Small Lakes,Lake Nabugabo,Pseudocrenilabrus multicolor,LC,24,1,12,1,1,1
330,Small Lakes,Lake Nabugabo,Schilbe intermedius,LC,24,1,4,1,3,3
331,Small Lakes,Lake Nabugabo,Schilbe mystus,LC,24,1,1,1,5,5
332,Small Lakes,Lake Nabugabo,Synodontis afrofischeri,LC,24,1,12,1,1,1
333,Small Lakes,Lake Nabugabo,NA,,24,1,25,NA,1,NA
334,Small Lakes,Lake Nakabale,Astatoreochromis alluaudi,LC,7,1,22,1,1,1
335,Small Lakes,Lake Nakabale,Clarias gariepinus,LC,7,1,24,1,1,1
336,Small Lakes,Lake Nakabale,Haplochromis argenteus,CE,7,1,11,5,1,5
337,Small Lakes,Lake Nakabale,Haplochromis latifasciatus,CE,7,1,8,5,2,10
338,Small Lakes,Lake Nakabale,Haplochromis lividus,DD,7,1,12,3,1,3
339,Small Lakes,Lake Nakabale,Haplochromis obesus,CE,7,1,9,5,2,10
340,Small Lakes,Lake Nakabale,Haplochromis parvidens,CE,7,1,10,5,2,10
341,Small Lakes,Lake Nakabale,Haplochromis phytophagus,DD,7,1,9,3,2,6
342,Small Lakes,Lake Nakabale,Oreochromis niloticus,LC,7,1,22,1,1,1
343,Small Lakes,Lake Nakabale,Oreochromis variabilis,CE,7,1,10,5,2,10
344,Small Lakes,Lake Nakivale,Astatoreochromis alluaudi,LC,26,1,22,1,1,1
345,Small Lakes,Lake Nakivale,Astatotilapia bloyeti,DD,26,1,1,3,5,15
346,Small Lakes,Lake Nakivale,Clarias gariepinus,LC,26,1,24,1,1,1
347,Small Lakes,Lake Nakivale,Clarias werneri,LC,26,1,4,1,3,3
348,Small Lakes,Lake Nakivale,Enteromius apleurogramma,LC,26,1,4,1,3,3
349,Small Lakes,Lake Nakivale,Haplochromis nubilus,VU,26,1,20,3,1,3
350,Small Lakes,Lake Nakivale,Haplochromis wingatii,DD,26,1,1,3,5,15
351,Small Lakes,Lake Nakivale,Lacustricola pumilus,LC,26,1,5,1,3,3
352,Small Lakes,Lake Nakivale,NA,,26,1,25,NA,1,NA
353,Small Lakes,Lake Nakuwa,Clarias alluaudi,LC,8,1,7,1,2,2
354,Small Lakes,Lake Nakuwa,Clarias gariepinus,LC,8,1,24,1,1,1
355,Small Lakes,Lake Nakuwa,Coptodon zillii,LC,8,1,16,1,1,1
356,Small Lakes,Lake Nakuwa,Haplochromis lividus,DD,8,1,12,3,1,3
357,Small Lakes,Lake Nakuwa,Haplochromis nubilus,VU,8,1,20,3,1,3
358,Small Lakes,Lake Nakuwa,Haplochromis parvidens,CE,8,1,10,5,2,10
359,Small Lakes,Lake Nakuwa,Lates niloticus,LC,8,1,5,1,3,3
360,Small Lakes,Lake Nakuwa,Marcusenius macrolepidotus,LC,8,1,1,1,5,5
361,Small Lakes,Lake Nakuwa,Marcusenius victoriae,LC,8,1,12,1,1,1
362,Small Lakes,Lake Nakuwa,Mormyrus macrocephalus,LC,8,1,6,1,2,2
363,Small Lakes,Lake Nakuwa,Oreochromis leucostictus,LC,8,1,19,1,1,1
364,Small Lakes,Lake Nakuwa,Oreochromis niloticus,LC,8,1,22,1,1,1
365,Small Lakes,Lake Nakuwa,Protopterus aethiopicus,LC,8,1,20,1,1,1
366,Small Lakes,Lake Nakuwa,Schilbe intermedius,LC,8,1,4,1,3,3
367,Small Lakes,Lake Nakuwa,Synodontis afrofischeri,LC,8,1,12,1,1,1
368,Small Lakes,Lake Nakuwa,Synodontis victoriae,LC,8,1,9,1,2,2
369,Small Lakes,Lake Naragaga,Astatoreochromis alluaudi,LC,1.98,1,22,1,1,1
370,Small Lakes,Lake Naragaga,Clarias gariepinus,LC,1.98,1,24,1,1,1
371,Small Lakes,Lake Naragaga,Haplochromis argenteus,CE,1.98,1,11,5,1,5
372,Small Lakes,Lake Naragaga,Haplochromis latifasciatus,CE,1.98,1,8,5,2,10
373,Small Lakes,Lake Naragaga,Haplochromis lividus,DD,1.98,1,12,3,1,3
374,Small Lakes,Lake Naragaga,Haplochromis parvidens,CE,1.98,1,10,5,2,10
375,Small Lakes,Lake Naragaga,Mormyrus kannume,LC,1.98,1,3,1,4,4
376,Small Lakes,Lake Naragaga,Mormyrus macrocephalus,LC,1.98,1,6,1,2,2
377,Small Lakes,Lake Naragaga,Oreochromis variabilis,CE,1.98,1,10,5,2,10
378,Small Lakes,Lake Naragaga,Pollimyrus nigricans,LC,1.98,1,5,1,3,3
379,Small Lakes,Lake Naragaga,Protopterus aethiopicus,LC,1.98,1,20,1,1,1
380,Small Lakes,Lake Naragaga,Synodontis afrofischeri,LC,1.98,1,12,1,1,1
381,Small Lakes,Lake Naragaga,Synodontis victoriae,LC,1.98,1,9,1,2,2
382,Small Lakes,Lake Nawampasa,Astatoreochromis alluaudi,LC,8,1,22,1,1,1
383,Small Lakes,Lake Nawampasa,Brycinus sadleri,LC,8,1,10,1,2,2
384,Small Lakes,Lake Nawampasa,Clarias alluaudi,LC,8,1,7,1,2,2
385,Small Lakes,Lake Nawampasa,Clarias gariepinus,LC,8,1,24,1,1,1
386,Small Lakes,Lake Nawampasa,Coptodon zillii,LC,8,1,16,1,1,1
387,Small Lakes,Lake Nawampasa,Enteromius trispilopleura,LC,8,1,3,1,4,4
388,Small Lakes,Lake Nawampasa,Haplochromis argenteus,CE,8,1,11,5,1,5
389,Small Lakes,Lake Nawampasa,Haplochromis barbarae,CE,8,1,1,5,5,25
390,Small Lakes,Lake Nawampasa,Haplochromis cryptodon,DD,8,1,6,3,2,6
391,Small Lakes,Lake Nawampasa,Haplochromis gowersii,DD,8,1,1,3,5,15
392,Small Lakes,Lake Nawampasa,Haplochromis latifasciatus,CE,8,1,8,5,2,10
393,Small Lakes,Lake Nawampasa,Haplochromis lividus,DD,8,1,12,3,1,3
394,Small Lakes,Lake Nawampasa,Haplochromis maxillaris,VU,8,1,6,3,2,6
395,Small Lakes,Lake Nawampasa,Haplochromis microdon,CE,8,1,1,5,5,25
396,Small Lakes,Lake Nawampasa,Haplochromis nubilus,VU,8,1,20,3,1,3
397,Small Lakes,Lake Nawampasa,Haplochromis obesus,CE,8,1,9,5,2,10
398,Small Lakes,Lake Nawampasa,Haplochromis orthostoma,VU,8,1,9,3,2,6
399,Small Lakes,Lake Nawampasa,Haplochromis parvidens,CE,8,1,10,5,2,10
400,Small Lakes,Lake Nawampasa,Haplochromis pellegrini,DD,8,1,8,3,2,6
401,Small Lakes,Lake Nawampasa,Haplochromis phytophagus,DD,8,1,9,3,2,6
402,Small Lakes,Lake Nawampasa,Haplochromis welcommei,VU,8,1,1,3,5,15
403,Small Lakes,Lake Nawampasa,Lates niloticus,LC,8,1,5,1,3,3
404,Small Lakes,Lake Nawampasa,Mastacembelus frenatus,LC,8,1,3,1,4,4
405,Small Lakes,Lake Nawampasa,Micropanchax loati,LC,8,1,1,1,5,5
406,Small Lakes,Lake Nawampasa,Oreochromis esculentus,CE,8,1,15,5,1,5
407,Small Lakes,Lake Nawampasa,Oreochromis leucostictus,LC,8,1,19,1,1,1
408,Small Lakes,Lake Nawampasa,Oreochromis niloticus,LC,8,1,22,1,1,1
409,Small Lakes,Lake Nawampasa,Oreochromis variabilis,CE,8,1,10,5,2,10
410,Small Lakes,Lake Nawampasa,Paralabidochromis sp,NE,8,1,8,3,2,6
411,Small Lakes,Lake Nawampasa,Prognathochromis sp,NE,8,1,6,3,2,6
412,Small Lakes,Lake Nawampasa,Protopterus aethiopicus,LC,8,1,20,1,1,1
413,Small Lakes,Lake Nawampasa,Pseudocrenilabrus multicolor,LC,8,1,12,1,1,1
414,Small Lakes,Lake Nawampasa,Synodontis afrofischeri,LC,8,1,12,1,1,1
415,Small Lakes,Lake Nawampasa,Synodontis victoriae,LC,8,1,9,1,2,2
416,Small Lakes,Lake Nawampasa,NA,,8,1,25,NA,1,NA
417,Small Lakes,Lake Nkuruba,Coptodon zillii,LC,0.02,1,16,1,1,1
418,Small Lakes,Lake Nkuruba,Oreochromis leucostictus,LC,0.02,1,19,1,1,1
419,Small Lakes,Lake Nkuruba,Poecilia reticulata,NE,0.02,1,2,3,4,12
420,Small Lakes,Lake Nyaguo,Astatoreochromis alluaudi,LC,33,1,22,1,1,1
421,Small Lakes,Lake Nyaguo,Brycinus sadleri,LC,33,1,10,1,2,2
422,Small Lakes,Lake Nyaguo,Clarias gariepinus,LC,33,1,24,1,1,1
423,Small Lakes,Lake Nyaguo,Coptodon zillii,LC,33,1,16,1,1,1
424,Small Lakes,Lake Nyaguo,Enteromius magdalenae,LC,33,1,2,1,4,4
425,Small Lakes,Lake Nyaguo,Enteromius neumayeri,LC,33,1,6,1,2,2
426,Small Lakes,Lake Nyaguo,Gnathonemus longibarbis,LC,33,1,6,1,2,2
427,Small Lakes,Lake Nyaguo,Haplochromis argenteus,CE,33,1,11,5,1,5
428,Small Lakes,Lake Nyaguo,Haplochromis cryptodon,DD,33,1,6,3,2,6
429,Small Lakes,Lake Nyaguo,Haplochromis latifasciatus,CE,33,1,8,5,2,10
430,Small Lakes,Lake Nyaguo,Haplochromis lividus,DD,33,1,12,3,1,3
431,Small Lakes,Lake Nyaguo,Haplochromis martini,CE,33,1,4,5,3,15
432,Small Lakes,Lake Nyaguo,Haplochromis maxillaris,VU,33,1,6,3,2,6
433,Small Lakes,Lake Nyaguo,Haplochromis nubilus,VU,33,1,20,3,1,3
434,Small Lakes,Lake Nyaguo,Haplochromis obesus,CE,33,1,9,5,2,10
435,Small Lakes,Lake Nyaguo,Haplochromis orthostoma,VU,33,1,9,3,2,6
436,Small Lakes,Lake Nyaguo,Haplochromis victoriae,DD,33,1,4,3,3,9
437,Small Lakes,Lake Nyaguo,Hippopotamyrus grahami,LC,33,1,5,1,3,3
438,Small Lakes,Lake Nyaguo,Marcusenius victoriae,LC,33,1,12,1,1,1
439,Small Lakes,Lake Nyaguo,Mormyrus kannume,LC,33,1,3,1,4,4
440,Small Lakes,Lake Nyaguo,Mormyrus macrocephalus,LC,33,1,6,1,2,2
441,Small Lakes,Lake Nyaguo,Oreochromis esculentus,CE,33,1,15,5,1,5
442,Small Lakes,Lake Nyaguo,Oreochromis leucostictus,LC,33,1,19,1,1,1
443,Small Lakes,Lake Nyaguo,Oreochromis niloticus,LC,33,1,22,1,1,1
444,Small Lakes,Lake Nyaguo,Prognathochromis sp,NE,33,1,6,3,2,6
445,Small Lakes,Lake Nyaguo,Protopterus aethiopicus,LC,33,1,20,1,1,1
446,Small Lakes,Lake Nyaguo,Synodontis afrofischeri,LC,33,1,12,1,1,1
447,Small Lakes,Lake Nyaguo,Synodontis victoriae,LC,33,1,9,1,2,2
448,Small Lakes,Lake Nyaguo,NA,,33,1,25,NA,1,NA
449,Small Lakes,Lake Nyamusigire,Clarias gariepinus,LC,4.4,1,24,1,1,1
450,Small Lakes,Lake Nyamusigire,Coptodon zillii,LC,4.4,1,16,1,1,1
451,Small Lakes,Lake Nyamusigire,Enteromius kerstenii,LC,4.4,1,13,1,1,1
452,Small Lakes,Lake Nyamusigire,Oreochromis niloticus,LC,4.4,1,22,1,1,1
453,Small Lakes,Lake Opeta,Astatoreochromis alluaudi,LC,42,1,22,1,1,1
454,Small Lakes,Lake Opeta,Brycinus sadleri,LC,42,1,10,1,2,2
455,Small Lakes,Lake Opeta,Clarias alluaudi,LC,42,1,7,1,2,2
456,Small Lakes,Lake Opeta,Clarias gariepinus,LC,42,1,24,1,1,1
457,Small Lakes,Lake Opeta,Coptodon zillii,LC,42,1,16,1,1,1
458,Small Lakes,Lake Opeta,Ctenopoma muriei,LC,42,1,7,1,2,2
459,Small Lakes,Lake Opeta,Enteromius cercops,LC,42,1,2,1,4,4
460,Small Lakes,Lake Opeta,Enteromius kerstenii,LC,42,1,13,1,1,1
461,Small Lakes,Lake Opeta,Enteromius neumayeri,LC,42,1,6,1,2,2
462,Small Lakes,Lake Opeta,Enteromius paludinosus,LC,42,1,3,1,4,4
463,Small Lakes,Lake Opeta,Enteromius radiatus,LC,42,1,3,1,4,4
464,Small Lakes,Lake Opeta,Enteromius yongei,LC,42,1,2,1,4,4
465,Small Lakes,Lake Opeta,Gnathonemus longibarbis,LC,42,1,6,1,2,2
466,Small Lakes,Lake Opeta,Haplochromis argenteus,CE,42,1,11,5,1,5
467,Small Lakes,Lake Opeta,Haplochromis cryptodon,DD,42,1,6,3,2,6
468,Small Lakes,Lake Opeta,Haplochromis latifasciatus,CE,42,1,8,5,2,10
469,Small Lakes,Lake Opeta,Haplochromis lividus,DD,42,1,12,3,1,3
470,Small Lakes,Lake Opeta,Haplochromis martini,CE,42,1,4,5,3,15
471,Small Lakes,Lake Opeta,Haplochromis maxillaris,VU,42,1,6,3,2,6
472,Small Lakes,Lake Opeta,Haplochromis michaeli,CE,42,1,2,5,4,20
473,Small Lakes,Lake Opeta,Haplochromis obesus,CE,42,1,9,5,2,10
474,Small Lakes,Lake Opeta,Haplochromis orthostoma,VU,42,1,9,3,2,6
475,Small Lakes,Lake Opeta,Haplochromis parvidens,CE,42,1,10,5,2,10
476,Small Lakes,Lake Opeta,Haplochromis pellegrini,DD,42,1,8,3,2,6
477,Small Lakes,Lake Opeta,Haplochromis phytophagus,DD,42,1,9,3,2,6
478,Small Lakes,Lake Opeta,Haplochromis squamulatus,DD,42,1,2,3,4,12
479,Small Lakes,Lake Opeta,Haplochromis victoriae,DD,42,1,4,3,3,9
480,Small Lakes,Lake Opeta,Hippopotamyrus grahami,LC,42,1,5,1,3,3
481,Small Lakes,Lake Opeta,Marcusenius victoriae,LC,42,1,12,1,1,1
482,Small Lakes,Lake Opeta,Mormyrus macrocephalus,LC,42,1,6,1,2,2
483,Small Lakes,Lake Opeta,Oreochromis esculentus,CE,42,1,15,5,1,5
484,Small Lakes,Lake Opeta,Oreochromis leucostictus,LC,42,1,19,1,1,1
485,Small Lakes,Lake Opeta,Oreochromis niloticus,LC,42,1,22,1,1,1
486,Small Lakes,Lake Opeta,Oreochromis variabilis,CE,42,1,10,5,2,10
487,Small Lakes,Lake Opeta,Petrocephalus catostoma,LC,42,1,9,1,2,2
488,Small Lakes,Lake Opeta,Pollimyrus nigricans,LC,42,1,5,1,3,3
489,Small Lakes,Lake Opeta,Protopterus aethiopicus,LC,42,1,20,1,1,1
490,Small Lakes,Lake Opeta,Pseudocrenilabrus multicolor,LC,42,1,12,1,1,1
491,Small Lakes,Lake Opeta,Synodontis afrofischeri,LC,42,1,12,1,1,1
492,Small Lakes,Lake Opeta,Synodontis victoriae,LC,42,1,9,1,2,2
493,Small Lakes,Lake Opeta,NA,,42,1,25,NA,1,NA
494,Small Lakes,Lake Owapet,Brycinus sadleri,LC,5.23,1,10,1,2,2
495,Small Lakes,Lake Owapet,Clarias gariepinus,LC,5.23,1,24,1,1,1
496,Small Lakes,Lake Owapet,Marcusenius victoriae,LC,5.23,1,12,1,1,1
497,Small Lakes,Lake Owapet,Oreochromis leucostictus,LC,5.23,1,19,1,1,1
498,Small Lakes,Lake Owapet,Oreochromis variabilis,CE,5.23,1,10,5,2,10
499,Small Lakes,Lake Owapet,Petrocephalus catostoma,LC,5.23,1,9,1,2,2
500,Small Lakes,Lake Owapet,NA,,5.23,1,25,NA,1,NA
501,Small Lakes,Lake Saka,Astatoreochromis alluaudi,LC,1.1,1,22,1,1,1
502,Small Lakes,Lake Wamala,Clarias gariepinus,LC,187,1,24,1,1,1
503,Small Lakes,Lake Wamala,Coptodon zillii,LC,187,1,16,1,1,1
504,Small Lakes,Lake Wamala,Ctenopoma muriei,LC,187,1,7,1,2,2
505,Small Lakes,Lake Wamala,Enteromius kerstenii,LC,187,1,13,1,1,1
506,Small Lakes,Lake Wamala,Enteromius neumayeri,LC,187,1,6,1,2,2
507,Small Lakes,Lake Wamala,Haplochromis nubilus,VU,187,1,20,3,1,3
508,Small Lakes,Lake Wamala,Oreochromis leucostictus,LC,187,1,19,1,1,1
509,Small Lakes,Lake Wamala,Oreochromis niloticus,LC,187,1,22,1,1,1
510,Small Lakes,Lake Wamala,Protopterus aethiopicus,LC,187,1,20,1,1,1
511,Small Lakes,Lake Wamala,Pseudocrenilabrus multicolor,LC,187,1,12,1,1,1
512,Small Lakes,Lake Wamala,NA,,187,1,25,NA,1,NA
